bitcoin,151,288
bitcoin,47459.2612375391,24433.65374724366
ethereum,40,162
ethereum,0.08779644881906015,0.0763214636985835
tether,85,232
tether,2.856802504316539e-05,5.25816697946123e-05
usd-coin,85,232
usd-coin,2.857428535749012e-05,5.269254992386687e-05
binancecoin,41,79
binancecoin,0.01199725937612309,0.01155888398836316
ripple,54,133,238
ripple,1.958540752640547e-05,2.066001304700561e-05,1.729785641250682e-05
binance-usd,85,232
binance-usd,2.858233241170696e-05,5.241404313707395e-05
cardano,80,157,232
cardano,3.759334149863946e-05,2.602408494270423e-05,2.404744506742973e-05
solana,34,156,238,288
solana,0.004118110124788961,0.002945614000703132,0.001989389496856832,0.001908719071390753
dogecoin,78,178,240
dogecoin,4.283783408999066e-06,3.890717030064129e-06,3.498254496066021e-06
polkadot,66,156,285
polkadot,0.0006482496259439717,0.0004996165061789443,0.000396422020387734
shiba-inu,59,101,165,239
shiba-inu,7.693904306142549e-10,7.43918877079293e-10,6.751203624105213e-10,5.488025258060749e-10
dai,85,232
dai,2.862982230290743e-05,5.265451591171331e-05
staked-ether,40,162
staked-ether,0.08713306594970067,0.07634295983523062
matic-network,58
matic-network,5.668332373031653e-05
tron,80,116,247
tron,1.676572120195581e-06,1.637307413135972e-06,3.434054372364723e-06
avalanche-2,53,111,141,285
avalanche-2,0.002509906065716543,0.002175180470967365,0.002128004686000902,0.00121680508011638
uniswap,79,156,278
uniswap,0.0004129018701851566,0.0002551898490832495,0.0003930813496450157
wrapped-bitcoin,70,103,170
wrapped-bitcoin,1.010638121195556,1.001349375353418,1.00454203282425
okb,51,79,177
okb,0.0006925407526020237,0.000637175778943291,0.0005242044095760348
leo-token,102,245
leo-token,0.0001721480664511323,0.0002988115251417034
ethereum-classic,146,207
ethereum-classic,0.001101257569904663,0.0008219111632121329
cosmos,79,125
cosmos,0.001008651931022735,0.0008030359391607099
litecoin,80,144,239
litecoin,0.003589795869409595,0.002900141550414628,0.002740382524443757
chainlink,73,156
chainlink,0.0006667728752802271,0.0003896562332650277
ftx-token,95,170
ftx-token,0.001167092785528181,0.001128691012503863
stellar,75,156,238
stellar,6.450780596585742e-06,5.108680410821089e-06,6.014127096013827e-06
near,77,172,285
near,0.0004692109044926822,0.0004194961466482084,0.0002458372567946048
crypto-com-chain,26,57,107,155,277
crypto-com-chain,1.548407115252377e-05,1.281611676893712e-05,1.196433247208195e-05,1.045517587139466e-05,6.642132442825735e-06
monero,77,174,208
monero,0.005324263691760174,0.006913355169786715,0.006902647019229591
algorand,66,191,238
algorand,3.85037504950672e-05,2.129485989499144e-05,1.653668365570953e-05
bitcoin-cash,26,65,144
bitcoin-cash,0.01074560968519673,0.009446481550996103,0.008902550874312588
terra-luna,132,158,243
terra-luna,0.002567162678411407,0.002546724592619261,8.094453783271379e-09
quant-network,70,149
quant-network,0.004267644284957405,0.003180847459900756
flow,65,103,155,284
flow,0.0001981671836643849,0.0001875799434257188,0.0001662750552469272,0.0001304452975783574
apecoin,24,25,26,27,28,29,30,31,32,33,34,35,36,37,38,39,40,41,42,43,44,45,46,47,48,49,50,51,52,53,54,55,56,57,58,59,60,61,62,63,64,65,66,67,68,69,70,71,72,73,74,75,76,77,78,79,80,81,82,83,84,85,86,87,88,89,90,91,92,93,94,95,96,97,98,99,100,101,102,103,104,105,106,107,108,109,110,111,112,113,114,115,116,117,118,119,120,121,122,123,124,125,126,127,128,129,130,131,132,133,134,135,136,137,181,279
apecoin,nan,nan,nan,nan,nan,nan,nan,nan,nan,nan,nan,nan,nan,nan,nan,nan,nan,nan,nan,nan,nan,nan,nan,nan,nan,nan,nan,nan,nan,nan,nan,nan,nan,nan,nan,nan,nan,nan,nan,nan,nan,nan,nan,nan,nan,nan,nan,nan,nan,nan,nan,nan,nan,nan,nan,nan,nan,nan,nan,nan,nan,nan,nan,nan,nan,nan,nan,nan,nan,nan,nan,nan,nan,nan,nan,nan,nan,nan,nan,nan,nan,nan,nan,nan,nan,nan,nan,nan,nan,nan,nan,nan,nan,nan,nan,nan,nan,nan,nan,nan,nan,nan,nan,nan,nan,nan,nan,nan,nan,nan,nan,nan,nan,nan,0.0005944766599023639,0.0003292528326729034
vechain,68,152,287
vechain,1.956380569143662e-06,1.7926883155667e-06,1.371268683477344e-06
filecoin,29,151,275
filecoin,0.001051914772507024,0.0005565662982658943,0.0004234834110924633
internet-computer,72,156,275
internet-computer,0.000861024527204614,0.0004850044675702951,0.0003854649077470156
chain-2,24,25,26,27,28,29,30,31,32,33,34,35,36,37,38,39,40,41,42,43,44,45,46,47,48,49,50,51,52,53,54,55,56,57,58,59,60,61,62,63,64,65,66,67,68,69,70,71,72,73,74,75,76,77,78,79,80,81,82,83,84,85,86,87,88,89,90,91,92,93,94,95,96,97,98,99,100,101,102,103,104,105,106,107,108,109,110,111,112,113,114,115,116,117,118,119,120,121,122,123,124,125,126,127,128,129,130,131,132,133,134,135,210,256
chain-2,nan,nan,nan,nan,nan,nan,nan,nan,nan,nan,nan,nan,nan,nan,nan,nan,nan,nan,nan,nan,nan,nan,nan,nan,nan,nan,nan,nan,nan,nan,nan,nan,nan,nan,nan,nan,nan,nan,nan,nan,nan,nan,nan,nan,nan,nan,nan,nan,nan,nan,nan,nan,nan,nan,nan,nan,nan,nan,nan,nan,nan,nan,nan,nan,nan,nan,nan,nan,nan,nan,nan,nan,nan,nan,nan,nan,nan,nan,nan,nan,nan,nan,nan,nan,nan,nan,nan,nan,nan,nan,nan,nan,nan,nan,nan,nan,nan,nan,nan,nan,nan,nan,nan,nan,nan,nan,nan,nan,nan,nan,nan,nan,6.193839079749466e-06,4.981635796949817e-06
hedera-hashgraph,67,235,287
hedera-hashgraph,7.147627071167842e-06,3.559744549315833e-06,3.408433899224496e-06
frax,85,232
frax,2.865190699638866e-05,5.260569395734059e-05
chiliz,152
chiliz,6.385253078823134e-06
tezos,40,67,97,156
tezos,0.0001130712081742936,0.0001098919216272386,0.000102974583533213,8.701032972442154e-05
decentraland,26,102,239,280
decentraland,8.944987052950043e-05,7.913321253640323e-05,4.766072819029121e-05,4.617044767960237e-05
the-sandbox,57,262
the-sandbox,0.0001334401863769372,6.165466995970055e-05
eos,173
eos,6.669298890996091e-05
axie-infinity,147,239,267
axie-infinity,0.001611085740470575,0.000830717058701787,0.0008133255452541484
elrond-erd-2,24,106,144,238,282
elrond-erd-2,0.008668099089896497,0.004734517376533424,0.004377727790121268,0.002971278280177475,0.002895930228764659
theta-token,27,153,282
theta-token,0.0001261333388458905,9.149551425698113e-05,7.226233105661262e-05
aave,66,154,287
aave,0.005761666452523646,0.005315781603300757,0.004712685195896888
lido-dao,64,157,288
lido-dao,7.830040730591685e-05,0.0001057436062594294,0.0001198496658926061
compound-usd-coin,85,244
compound-usd-coin,6.436606343143015e-07,1.196499658030273e-06
bitcoin-cash-sv,39,234,273
bitcoin-cash-sv,0.00322240230676981,0.003113610813376248,0.002783136160871035
paxos-standard,85,232
paxos-standard,2.855251631911897e-05,5.26381519025891e-05
kucoin-shares,120,216
kucoin-shares,0.0005044115726027836,0.0005756662984777145
true-usd,85,232
true-usd,2.861174203086546e-05,5.266995154144794e-05
iota,61,155
iota,3.203727870652221e-05,1.952294864156482e-05
ecash,66,155,250
ecash,2.531460350933675e-09,2.76109867146271e-09,2.086775889079447e-09
usdd,24,25,26,27,28,29,30,31,32,33,34,35,36,37,38,39,40,41,42,43,44,45,46,47,48,49,50,51,52,53,54,55,56,57,58,59,60,61,62,63,64,65,66,67,68,69,70,71,72,73,74,75,76,77,78,79,80,81,82,83,84,85,86,87,88,89,90,91,92,93,94,95,96,97,98,99,100,101,102,103,104,105,106,107,108,109,110,111,112,113,114,115,116,117,118,119,120,121,122,123,124,125,126,127,128,129,130,131,132,133,134,135,136,137,138,139,140,141,142,143,144,145,146,147,148,149,150,151,152,153,154,155,156,157,158,159,160,161,162,163,164,165,166,167,168,169,170,171,172,173,174,175,176,177,178,179,180,181,182,183,256
usdd,nan,nan,nan,nan,nan,nan,nan,nan,nan,nan,nan,nan,nan,nan,nan,nan,nan,nan,nan,nan,nan,nan,nan,nan,nan,nan,nan,nan,nan,nan,nan,nan,nan,nan,nan,nan,nan,nan,nan,nan,nan,nan,nan,nan,nan,nan,nan,nan,nan,nan,nan,nan,nan,nan,nan,nan,nan,nan,nan,nan,nan,nan,nan,nan,nan,nan,nan,nan,nan,nan,nan,nan,nan,nan,nan,nan,nan,nan,nan,nan,nan,nan,nan,nan,nan,nan,nan,nan,nan,nan,nan,nan,nan,nan,nan,nan,nan,nan,nan,nan,nan,nan,nan,nan,nan,nan,nan,nan,nan,nan,nan,nan,nan,nan,nan,nan,nan,nan,nan,nan,nan,nan,nan,nan,nan,nan,nan,nan,nan,nan,nan,nan,nan,nan,nan,nan,nan,nan,nan,nan,nan,nan,nan,nan,nan,nan,nan,nan,nan,nan,nan,nan,nan,nan,nan,nan,nan,nan,nan,nan,5.157753185669493e-05
cdai,85,244
cdai,6.252998912350483e-07,1.165772654501106e-06
the-graph,29,67,155,283
the-graph,1.862762692548598e-05,1.481682790830799e-05,1.115860544444018e-05,6.247714358734438e-06
bittorrent,24,25,26,27,28,29,30,31,32,33,34,35,36,37,38,39,40,41,42,43,44,45,46,47,48,49,50,51,52,53,54,55,56,57,58,59,60,61,62,63,64,65,66,67,68,69,70,71,72,73,74,75,76,77,78,79,80,81,82,86,155,242
bittorrent,nan,nan,nan,nan,nan,nan,nan,nan,nan,nan,nan,nan,nan,nan,nan,nan,nan,nan,nan,nan,nan,nan,nan,nan,nan,nan,nan,nan,nan,nan,nan,nan,nan,nan,nan,nan,nan,nan,nan,nan,nan,nan,nan,nan,nan,nan,nan,nan,nan,nan,nan,nan,nan,nan,nan,nan,nan,nan,nan,5.955521851838542e-11,4.891657457031501e-11,4.625482753707287e-11
zcash,27,71,148,177,233,284
zcash,0.005020828030206437,0.003436023025647782,0.004612087074273095,0.004092778873358202,0.003295947878952487,0.003452374791525856
tokenize-xchange,40,156
tokenize-xchange,0.0001994438304618865,0.0002181110847066286
maker,28,97,197,238,282
maker,0.05770296540925917,0.06157315435094783,0.05216506944219225,0.04963833879954602,0.04864203203898088
pancakeswap-token,79,176
pancakeswap-token,0.0002794324533253396,0.0002356510449920268
helium,69,231
helium,0.0009313839588411773,0.0005511285630005908
gatechain-token,96,129,247
gatechain-token,0.0001833554582652013,0.0001780229089155755,0.0002128576134192076
neo,112,154,280
neo,0.000660435090254805,0.0006048733727835495,0.0005088299466663939
radix,145,170,233
radix,3.853660492903556e-06,3.560883173428834e-06,3.35548297758542e-06
klay-token,83,117,274
klay-token,3.457825618421087e-05,3.270778858856576e-05,1.331970495451396e-05
celsius-degree-token,62,115,288
celsius-degree-token,9.52875871314808e-05,8.259413412390434e-05,0.0001579537502308234
huobi-token,115,193,238
huobi-token,0.0002579939967288363,0.0002658355319847221,0.0002612522779179384
fantom,79,156,285
fantom,7.623400839290681e-05,3.489074092134665e-05,1.702083076280819e-05
havven,66,94,154,281
havven,0.0001533655412782775,0.0001489475718597759,0.0001669354818193176,0.0001867188907425743
compound-ether,40,163
compound-ether,0.001762952280300191,0.001534170868411725
bitdao,84,178,280
bitdao,4.878053598997987e-05,3.224013769540347e-05,3.400385831750621e-05
nexo,67,97,183
nexo,5.736964712659273e-05,5.581549157613683e-05,6.189504687448806e-05
pax-gold,130,232
pax-gold,0.05301574589456094,0.09580257764879724
osmosis,127
osmosis,0.0002643662798165078
thorchain,67,154,265
thorchain,0.0001705246608519828,0.0002684053895499636,0.0001285289233484893
arweave,64,131,156,260
arweave,0.001390189065869126,0.0008967436114878072,0.0008807424935385532,0.0007518032642281282
rocket-pool,40,67,170
rocket-pool,0.001028008072672206,0.0009873059649058618,0.0008377130159057858
zilliqa,61,154,239,281
zilliqa,1.740083371465239e-06,3.948111514611878e-06,2.276510486591362e-06,2.010014634282293e-06
dash,72,144,238
dash,0.003644649039267895,0.003084419202380864,0.002443192006736205
basic-attention-token,29,67,139,249,285
basic-attention-token,3.214654166813026e-05,2.83284967483232e-05,2.077913100873342e-05,2.185606743310774e-05,1.943568297562497e-05
enjincoin,26,58,162,279
enjincoin,7.791244851423637e-05,6.26624224260914e-05,4.225590261097348e-05,3.048137625067417e-05
xdce-crowd-sale,64,192,232
xdce-crowd-sale,2.204738285706264e-06,1.904899132309975e-06,1.549721048709566e-06
evmos,24,25,26,27,28,29,30,31,32,33,34,35,36,37,38,39,40,41,42,43,44,45,46,47,48,49,50,51,52,53,54,55,56,57,58,59,60,61,62,63,64,65,66,67,68,69,70,71,72,73,74,75,76,77,78,79,80,81,82,83,84,85,86,87,88,89,90,91,92,93,94,95,96,97,98,99,100,101,102,103,104,105,106,107,108,109,110,111,112,113,114,115,116,117,118,119,120,121,122,123,124,125,126,127,128,129,130,131,132,133,134,135,136,137,138,139,140,141,142,143,144,145,146,147,148,149,150,151,152,153,154,155,156,157,158,159,160,161,162,163,164,165,166,167,168,169,170,171,172,173,174,175,176,177,178,179,180,181,250
evmos,nan,nan,nan,nan,nan,nan,nan,nan,nan,nan,nan,nan,nan,nan,nan,nan,nan,nan,nan,nan,nan,nan,nan,nan,nan,nan,nan,nan,nan,nan,nan,nan,nan,nan,nan,nan,nan,nan,nan,nan,nan,nan,nan,nan,nan,nan,nan,nan,nan,nan,nan,nan,nan,nan,nan,nan,nan,nan,nan,nan,nan,nan,nan,nan,nan,nan,nan,nan,nan,nan,nan,nan,nan,nan,nan,nan,nan,nan,nan,nan,nan,nan,nan,nan,nan,nan,nan,nan,nan,nan,nan,nan,nan,nan,nan,nan,nan,nan,nan,nan,nan,nan,nan,nan,nan,nan,nan,nan,nan,nan,nan,nan,nan,nan,nan,nan,nan,nan,nan,nan,nan,nan,nan,nan,nan,nan,nan,nan,nan,nan,nan,nan,nan,nan,nan,nan,nan,nan,nan,nan,nan,nan,nan,nan,nan,nan,nan,nan,nan,nan,nan,nan,nan,nan,nan,nan,0.0001679402614691451,0.0001679402614691451,0.0001258883525355761
blockstack,81,132,243,283
blockstack,5.577460022260462e-05,3.773947081612013e-05,2.241339898334157e-05,2.160392091724613e-05
kava,79,181,242,284
kava,0.0001282921040336359,0.0001405511399776977,9.931333740757092e-05,9.718746827623741e-05
ravencoin,67,156
ravencoin,2.918902362393038e-06,1.56948447927212e-06
compound-governance-token,67,156
compound-governance-token,0.004875273202036351,0.003711368517434649
defichain,37,191
defichain,0.0001107164591704254,0.0001198363782782426
tether-gold,135,232
tether-gold,0.05320678848522848,0.09796270701292369
terra-luna-2,24,25,26,27,28,29,30,31,32,33,34,35,36,37,38,39,40,41,42,43,44,45,46,47,48,49,50,51,52,53,54,55,56,57,58,59,60,61,62,63,64,65,66,67,68,69,70,71,72,73,74,75,76,77,78,79,80,81,82,83,84,85,86,87,88,89,90,91,92,93,94,95,96,97,98,99,100,101,102,103,104,105,106,107,108,109,110,111,112,113,114,115,116,117,118,119,120,121,122,123,124,125,126,127,128,129,130,131,132,133,134,135,136,137,138,139,140,141,142,143,144,145,146,147,148,149,150,151,152,153,154,155,156,157,158,159,160,161,162,163,164,165,166,167,168,169,170,171,172,173,174,175,176,177,178,179,180,181,182,183,184,185,186,187,188,189,190,191,192,193,194,195,196,197,198,199,200,201,202,203,204,205,206,207,208,209,213
terra-luna-2,nan,nan,nan,nan,nan,nan,nan,nan,nan,nan,nan,nan,nan,nan,nan,nan,nan,nan,nan,nan,nan,nan,nan,nan,nan,nan,nan,nan,nan,nan,nan,nan,nan,nan,nan,nan,nan,nan,nan,nan,nan,nan,nan,nan,nan,nan,nan,nan,nan,nan,nan,nan,nan,nan,nan,nan,nan,nan,nan,nan,nan,nan,nan,nan,nan,nan,nan,nan,nan,nan,nan,nan,nan,nan,nan,nan,nan,nan,nan,nan,nan,nan,nan,nan,nan,nan,nan,nan,nan,nan,nan,nan,nan,nan,nan,nan,nan,nan,nan,nan,nan,nan,nan,nan,nan,nan,nan,nan,nan,nan,nan,nan,nan,nan,nan,nan,nan,nan,nan,nan,nan,nan,nan,nan,nan,nan,nan,nan,nan,nan,nan,nan,nan,nan,nan,nan,nan,nan,nan,nan,nan,nan,nan,nan,nan,nan,nan,nan,nan,nan,nan,nan,nan,nan,nan,nan,nan,nan,nan,nan,nan,nan,nan,nan,nan,nan,nan,nan,nan,nan,nan,nan,nan,nan,nan,nan,nan,nan,nan,nan,nan,nan,nan,nan,nan,nan,0.0003315022820951941
mina-protocol,26,68,160,284
mina-protocol,9.076666559529405e-05,8.908613582183485e-05,7.932278231000764e-05,4.119512212754512e-05
ethereum-name-service,30,185
ethereum-name-service,0.00130957116167618,0.0006759315224746774
amp-token,25,66,244
amp-token,1.219193565930514e-06,1.133614241150867e-06,5.056931459318778e-07
stepn,24,25,26,27,28,29,30,31,32,33,34,35,36,37,38,39,40,41,42,43,44,45,46,47,48,49,50,51,52,53,54,55,56,57,58,59,60,61,62,63,64,65,66,67,68,69,70,71,72,73,74,75,76,77,78,79,80,81,82,83,84,85,86,87,88,89,90,91,92,93,94,95,96,97,98,99,100,101,102,103,104,105,106,107,108,109,110,111,112,113,114,115,116,117,118,119,120,121,122,123,124,125,126,127,128,129,182,262
stepn,nan,nan,nan,nan,nan,nan,nan,nan,nan,nan,nan,nan,nan,nan,nan,nan,nan,nan,nan,nan,nan,nan,nan,nan,nan,nan,nan,nan,nan,nan,nan,nan,nan,nan,nan,nan,nan,nan,nan,nan,nan,nan,nan,nan,nan,nan,nan,nan,nan,nan,nan,nan,nan,nan,nan,nan,nan,nan,nan,nan,nan,nan,nan,nan,nan,nan,nan,nan,nan,nan,nan,nan,nan,nan,nan,nan,nan,nan,nan,nan,nan,nan,nan,nan,nan,nan,nan,nan,nan,nan,nan,nan,nan,nan,nan,nan,nan,nan,nan,nan,nan,nan,nan,nan,nan,nan,9.929016046823268e-05,5.035579607974192e-05
kusama,78,155,267
kusama,0.006672512202165769,0.004382266054443773,0.002987026460463658
waves,48,153,235,280
waves,0.000396827629555233,0.001199039865209556,0.000335538391133145,0.0002694614625755786
nem,68,155,246,287
nem,3.009479085398209e-06,2.677701810981919e-06,2.513850673051655e-06,2.307071645593019e-06
trust-wallet-token,25,173,279
trust-wallet-token,2.054428060091309e-05,3.09907948077672e-05,5.179437328556768e-05
celo,68,157,285
celo,0.0001179916951554337,0.0001058659197779651,4.752610708642837e-05
loopring,26,151,208,282
loopring,5.962086956920184e-05,2.72053803891215e-05,2.069637449541895e-05,2.073379311531645e-05
compound-usdt,85,143,144,145,146,147,148,149,150,151,152,153,154,155,156,157,158,159,160,161,162,163,164,165,166,167,168,169,170,171,172,173,174,175,176,177,178,179,180,181,182,183,184,185,186,187,188,189,190,191,192,193,194,195,196,197,198,199,200,201,202,203,204,205,206,207,208,209,210,211,212,213,214,215,216,217,218,219,220,221,222,223,224,225,226,227,228,229,230,231,232,233,234,235,236,237,238,239,240,241,242,243,244,245,246,247,248,249,250,251,252,253,254,255,256,257,258,259,260,261,262,263,264,265,266,267,268,269,270,271,272,273,274,275,276,277,278,279,280,281,282,283,284,285,286,287,288
compound-usdt,6.193550382734779e-07,5.593407269334525e-07,5.593407269334525e-07,5.593407269334525e-07,5.593407269334525e-07,5.593407269334525e-07,5.593407269334525e-07,5.593407269334525e-07,5.593407269334525e-07,5.593407269334525e-07,5.593407269334525e-07,5.593407269334525e-07,5.593407269334525e-07,5.593407269334525e-07,5.593407269334525e-07,5.593407269334525e-07,5.593407269334525e-07,5.593407269334525e-07,5.593407269334525e-07,5.593407269334525e-07,5.593407269334525e-07,5.593407269334525e-07,5.593407269334525e-07,5.593407269334525e-07,5.593407269334525e-07,5.593407269334525e-07,5.593407269334525e-07,5.593407269334525e-07,5.593407269334525e-07,5.593407269334525e-07,5.593407269334525e-07,5.593407269334525e-07,5.593407269334525e-07,5.593407269334525e-07,5.593407269334525e-07,5.593407269334525e-07,5.593407269334525e-07,5.593407269334525e-07,5.593407269334525e-07,5.593407269334525e-07,5.593407269334525e-07,5.593407269334525e-07,5.593407269334525e-07,5.593407269334525e-07,5.593407269334525e-07,5.593407269334525e-07,5.593407269334525e-07,5.593407269334525e-07,5.593407269334525e-07,5.593407269334525e-07,5.593407269334525e-07,5.593407269334525e-07,5.593407269334525e-07,5.593407269334525e-07,5.593407269334525e-07,5.593407269334525e-07,5.593407269334525e-07,5.593407269334525e-07,5.593407269334525e-07,5.593407269334525e-07,5.593407269334525e-07,5.593407269334525e-07,5.593407269334525e-07,5.593407269334525e-07,5.593407269334525e-07,5.593407269334525e-07,5.593407269334525e-07,5.593407269334525e-07,5.593407269334525e-07,5.593407269334525e-07,5.593407269334525e-07,5.593407269334525e-07,5.593407269334525e-07,5.593407269334525e-07,5.593407269334525e-07,5.593407269334525e-07,5.593407269334525e-07,5.593407269334525e-07,5.593407269334525e-07,5.593407269334525e-07,5.593407269334525e-07,5.593407269334525e-07,5.593407269334525e-07,5.593407269334525e-07,5.593407269334525e-07,5.593407269334525e-07,5.593407269334525e-07,5.593407269334525e-07,5.593407269334525e-07,5.593407269334525e-07,nan,nan,nan,nan,nan,nan,nan,nan,nan,nan,nan,nan,nan,nan,nan,nan,nan,nan,nan,nan,nan,nan,nan,nan,nan,nan,nan,nan,nan,nan,nan,nan,nan,nan,nan,nan,nan,nan,nan,nan,nan,nan,nan,nan,nan,nan,nan,nan,nan,nan,nan,nan,nan,nan,nan,nan,nan
holotoken,149,280
holotoken,1.489631492276386e-07,1.234254616994036e-07
decred,35,77,174,280
decred,0.001979552455151069,0.001722312202941929,0.001665256859855187,0.002351148781080637
ecomi,89,175,266
ecomi,2.075232068009686e-07,7.100656361882493e-08,8.501709331522894e-08
bitcoin-gold,144,207,273
bitcoin-gold,0.001029972445079303,0.000853647662380045,0.001511564119477155
curve-dao-token,66,191,272
curve-dao-token,0.0001399201173120096,6.891996212559302e-05,6.455280952898016e-05
reserve-rights-token,31,153,236
reserve-rights-token,9.450858312645435e-07,4.464825540768891e-07,4.509424983738186e-07
convex-finance,67,156,262
convex-finance,0.001070484379813478,0.0008332983558685756,0.0003429117443917037
1inch,79,156,191,285
1inch,5.640444984818312e-05,4.254100759146744e-05,3.81319672420962e-05,3.68795016005106e-05
gemini-dollar,85,232
gemini-dollar,2.847921729620967e-05,5.264799252765669e-05
gmx,82,172
gmx,0.001378368457610337,0.0009436088495573427
theta-fuel,35,100,155
theta-fuel,6.073051669702748e-06,5.228523131948189e-06,4.711505047050681e-06
gnosis,62,151
gnosis,0.01183922405374673,0.01005330531303918
terrausd,85,191,243
terrausd,2.859255371569437e-05,2.923053713741932e-05,4.066456900547408e-06
oasis-network,77,157,283
oasis-network,1.318375409546326e-05,6.653092201217351e-06,4.678072596549487e-06
gala,28,102,239
gala,1.329179626846236e-05,8.590956027663184e-06,3.218612832991511e-06
qtum,32,152,273
qtum,0.0002819617676090541,0.0001879025845114459,0.0001967692355741576
nxm,40,162,193
nxm,0.002917550411749447,0.002567851837785387,0.002562702575735015
maiar-dex,24,25,26,27,28,29,30,31,36,39,106,144,238
maiar-dex,nan,nan,nan,nan,nan,nan,nan,nan,1.905318640622784e-08,nan,9.014473436601168e-09,6.938337793166482e-09,3.301016263401204e-09
olympus,208,261
olympus,0.0007251653880265216,0.0007728321638171224
serum,154,257,288
serum,7.411159453053656e-05,5.454927525057359e-05,4.448460216007566e-05
safemoon,84,189
safemoon,6.274930914374748e-11,1.398526016026432e-11
iostoken,58,153,235,287
iostoken,7.462598606613738e-07,9.17636364790996e-07,7.729834597317931e-07,6.730609172683892e-07
kadena,58,103,283
kadena,0.0003026795499190647,0.0002240338796395396,9.561507414718953e-05
frax-share,75,173
frax-share,0.0009371608881783677,0.0008731265262496164
iotex,59,155
iotex,2.930931501079599e-06,2.276351220068495e-06
golem,31,65,120
golem,1.399563266115189e-05,1.113634259991077e-05,1.431528585750607e-05
yearn-finance,70,156,280
yearn-finance,0.8591913668534247,0.5432863147402657,0.5246461769585178
ankr,28,67,155,238,286
ankr,3.370158660368466e-06,2.420602560652338e-06,2.115669154221404e-06,1.490440962665117e-06,2.188754986456327e-06
convex-crv,66,191,272
convex-crv,0.0001324678440457466,6.916805648708804e-05,6.284505517766498e-05
oec-token,60,168,238
oec-token,0.00135536809426032,0.001198295517834672,0.0009232314693677459
synapse-2,79,189
synapse-2,8.829478021351155e-05,9.216996772084416e-05
harmony,77,156,287
harmony,8.239046694195633e-06,3.63908411920147e-06,1.373734003415932e-06
msol,34,156,238,288
msol,0.004201873975253656,0.003049505955701831,0.002088339954089521,0.002011760306346981
omisego,78,155,281
omisego,0.0001567921467120014,0.0001320044031216815,0.0001019982101836519
livepeer,68,145,176
livepeer,0.0009737398677641164,0.0006674840416736775,0.0006629019966145092
juno-network,129
juno-network,0.001119941216942203
huobi-btc,68,125,198,225
huobi-btc,1.021705896753554,1.017203888441276,1.01828201811443,1.011747764906117
escoin-token,85,232
escoin-token,9.22718009493404e-05,0.0001875194347139241
0x,29,66,173,243,275
0x,2.245894709018395e-05,2.031043533135764e-05,2.593037562346167e-05,1.842111455955759e-05,1.672225861233191e-05
tenset,74,246
tenset,7.788852842496993e-05,0.0002070119059057466
zelcash,75,155,187
zelcash,6.890207790210127e-05,4.168918015490195e-05,3.958826738513041e-05
just,40,99,167,241
just,1.448993994716602e-06,1.518959445015914e-06,1.96259504247946e-06,1.49343320235633e-06
bitrise-token,128,182,210
bitrise-token,4.1691102030591e-11,3.111657322738833e-11,2.871720223293171e-11
polymath,29,65,99,155
polymath,1.668188132693632e-05,1.266134871317184e-05,1.227269424889334e-05,1.251846981618853e-05
sushi,62,154,260
sushi,0.0002170920105273565,9.72852612138461e-05,6.882441293925784e-05
icon,60,155,287
icon,3.687130391340562e-05,2.383154732732394e-05,1.510228740524718e-05
magic-internet-money,85,232
magic-internet-money,2.860352276409781e-05,5.207675434459306e-05
tether-eurt,85,232
tether-eurt,3.237815505231528e-05,5.550764473977129e-05
baby-doge-coin,79,244,284
baby-doge-coin,1.435727436479327e-13,8.940497627343477e-14,7.503173457348982e-14
ontology,29,79,155,280
ontology,1.905879233607832e-05,1.509344134652492e-05,1.469084535778922e-05,1.258161097841559e-05
balancer,72,161
balancer,0.0004456422770789245,0.0004791839535336966
optimism,24,25,26,27,28,29,30,31,32,33,34,35,36,37,38,39,40,41,42,43,44,45,46,47,48,49,50,51,52,53,54,55,56,57,58,59,60,61,62,63,64,65,66,67,68,69,70,71,72,73,74,75,76,77,78,79,80,81,82,83,84,85,86,87,88,89,90,91,92,93,94,95,96,97,98,99,100,101,102,103,104,105,106,107,108,109,110,111,112,113,114,115,116,117,118,119,120,121,122,123,124,125,126,127,128,129,130,131,132,133,134,135,136,137,138,139,140,141,142,143,144,145,146,147,148,149,150,151,152,153,154,155,156,157,158,159,160,161,162,163,164,165,166,167,168,169,170,171,172,173,174,175,176,177,178,179,180,181,182,183,184,185,186,187,188,189,190,191,192,193,194,195,196,197,198,199,200,201,202,203,204,205,206,207,208,209,210,211,212,216,278
optimism,nan,nan,nan,nan,nan,nan,nan,nan,nan,nan,nan,nan,nan,nan,nan,nan,nan,nan,nan,nan,nan,nan,nan,nan,nan,nan,nan,nan,nan,nan,nan,nan,nan,nan,nan,nan,nan,nan,nan,nan,nan,nan,nan,nan,nan,nan,nan,nan,nan,nan,nan,nan,nan,nan,nan,nan,nan,nan,nan,nan,nan,nan,nan,nan,nan,nan,nan,nan,nan,nan,nan,nan,nan,nan,nan,nan,nan,nan,nan,nan,nan,nan,nan,nan,nan,nan,nan,nan,nan,nan,nan,nan,nan,nan,nan,nan,nan,nan,nan,nan,nan,nan,nan,nan,nan,nan,nan,nan,nan,nan,nan,nan,nan,nan,nan,nan,nan,nan,nan,nan,nan,nan,nan,nan,nan,nan,nan,nan,nan,nan,nan,nan,nan,nan,nan,nan,nan,nan,nan,nan,nan,nan,nan,nan,nan,nan,nan,nan,nan,nan,nan,nan,nan,nan,nan,nan,nan,nan,nan,nan,nan,nan,nan,nan,nan,nan,nan,nan,nan,nan,nan,nan,nan,nan,nan,nan,nan,nan,nan,nan,nan,nan,nan,nan,nan,nan,nan,nan,nan,5.069415449399569e-05,8.74235330812808e-05
merit-circle,32,155,260,288
merit-circle,0.000186013156623713,6.335666246588001e-05,4.247722152502344e-05,4.074152268048874e-05
constellation-labs,68,179,280
constellation-labs,5.312848578688114e-06,4.580982749518042e-06,4.940685895279732e-06
nucypher,29,121,215,276
nucypher,1.791240771539745e-05,1.42904480434165e-05,1.069787519483698e-05,8.83461280231338e-06
rocket-pool-eth,40,156
rocket-pool-eth,0.08856375209881838,0.0793939043873652
wax,155
wax,8.303139117050741e-06
link,39,104,157,285
link,0.005309707120576073,0.003526493574245878,0.003551019953182329,0.002159210850456197
zencash,27,154,189,285
zencash,0.002244534957731834,0.001107001444506416,0.001008700555464483,0.0009147225678803031
casper-network,35,72,154,241,284
casper-network,3.846446765893741e-06,2.848881079254937e-06,2.306269736450675e-06,1.632025857944692e-06,1.597296337355708e-06
audius,25,157,241
audius,4.841985915027103e-05,3.717704874693681e-05,1.943523045050118e-05
hive,31,155,276
hive,4.954935738656993e-05,2.717366941049704e-05,3.371537508164938e-05
siacoin,29,155,286
siacoin,4.960898659639294e-07,3.094113149307926e-07,2.176608774212763e-07
immutable-x,27,151,244,280
immutable-x,0.0001580603425846195,5.674368568767723e-05,5.120028509362569e-05,5.112483878358091e-05
alchemix-usd,85,246
alchemix-usd,2.859981251736253e-05,5.132282570639985e-05
swipe,64,145
swipe,4.783288216278342e-05,3.715728805776448e-05
coinmetro,113,232
coinmetro,1.93127611060701e-05,3.310924796495684e-05
liquity-usd,85,232
liquity-usd,2.908724654275684e-05,5.351505893556533e-05
moonbeam,24,25,26,27,28,29,30,31,32,33,34,35,36,37,38,39,40,41,42,43,44,45,46,47,48,49,50,51,52,53,54,55,56,57,58,59,60,61,62,63,64,65,66,67,68,69,70,71,72,77,156,275
moonbeam,nan,nan,nan,nan,nan,nan,nan,nan,nan,nan,nan,nan,nan,nan,nan,nan,nan,nan,nan,nan,nan,nan,nan,nan,nan,nan,nan,nan,nan,nan,nan,nan,nan,nan,nan,nan,nan,nan,nan,nan,nan,nan,nan,nan,nan,nan,nan,nan,nan,0.0003097539420508367,0.0001128801007739762,3.439123687713661e-05
chia,70,177,234
chia,0.002214337272297713,0.00167437058041143,0.00256715338371937
secret,81,155,288
secret,0.0002251664441894802,0.0001377480284252254,6.121329252505114e-05
ethos,24,149,216
ethos,9.243429641386011e-05,4.561754925104916e-05,3.464170943011271e-05
songbird,41,164,192,238
songbird,1.111434002906142e-05,1.648414120841807e-06,1.616672421315001e-06,1.549304209732315e-06
mxc,82,244
mxc,2.594597961552752e-06,4.227611953562345e-06
swissborg,96,165,248
swissborg,1.641751050518064e-05,1.180438906341223e-05,1.033442503740236e-05
energy-web-token,35,143,174
energy-web-token,0.000264146850497179,0.0001469971726795531,0.0001419154544571911
safemoon-2,24,25,26,27,28,29,30,31,32,33,34,35,36,37,38,39,40,41,42,43,44,45,46,47,48,49,50,51,52,67,231
safemoon-2,nan,nan,nan,nan,nan,nan,nan,nan,nan,nan,nan,nan,nan,nan,nan,nan,nan,nan,nan,nan,nan,nan,nan,nan,nan,nan,nan,nan,nan,6.222290527364715e-08,3.032177086905595e-08
dydx,84,156,275
dydx,0.0002308997607429161,0.0001490681830848285,0.000108081890450885
uma,68,126,288
uma,0.0002555573291959101,0.0002364363145725975,0.0001566792463795393
woo-network,67,140,281
woo-network,2.511734115212936e-05,1.475348368259624e-05,1.121840345051513e-05
skale,26,154,286
skale,6.724896166185472e-06,6.556840252458562e-06,3.120702307314508e-06
vvs-finance,104,277
vvs-finance,9.677865891858007e-10,3.567905270462777e-10
dao-maker,40,75,188
dao-maker,0.0001230557213660393,0.0001118936147436424,8.994125829531358e-05
playdapp,26,101,146,244
playdapp,5.293047126721681e-05,2.839000852173823e-05,2.676050995389242e-05,2.756047976240974e-05
digibyte,149,284
digibyte,8.17145756789416e-07,5.61049750304291e-07
coinex-token,48,189,245
coinex-token,1.729725372539946e-06,1.708294531971837e-06,1.68630346731401e-06
dogelon-mars,64,178,239
dogelon-mars,3.543231598457505e-11,2.820596499492676e-11,1.874194361999459e-11
apenft,69,174,247
apenft,7.128757734713729e-11,4.282567686501572e-11,3.423840360239441e-11
render-token,29,55,95,155,280
render-token,0.0001352155217589888,0.0001213779981391854,9.655626023706686e-05,6.672247895264241e-05,3.279231089182478e-05
ergo,163
ergo,0.0001127998139552174
lisk,27,175,243
lisk,6.894774462879981e-05,6.19186149040307e-05,5.85584651347757e-05
lido-staked-sol,34,156,238,288
lido-staked-sol,0.004183103961090581,0.003037134767858659,0.002074637942891614,0.001998286371034833
days,24,25,26,27,28,29,30,31,32,33,34,35,36,37,38,39,40,41,42,43,44,45,46,47,48,49,50,51,52,53,54,55,56,57,58,59,60,61,62,63,64,65,66,67,68,69,70,71,72,73,74,75,76,77,78,79,80,81,82,83,84,85,86,87,88,89,90,91,92,93,94,95,96,97,98,99,100,101,102,103,104,105,106,107,108,109,110,111,112,113,114,115,116,117,118,119,120,121,122,123,124,125,126,127,128,129,130,131,132,133,134,135,136,137,138,139,140,141,142,143,144,145,146,147,148,149,150,151,152,153,154,155,156,157,158,159,160,161,162,163,164,165,166,167,168,169,170,171,172,173,174,175,176,177,178,179,180,181,182,183,184,185,186,187,188,189,190,191,192,193,194,195,196,197,198,199,200,201,202,203,204,205,206,207,208,209,210,211,212,213,214,215,216,217,218,219,220,221,222,223,224,225,226,227,228,229,230,231,232,233,234,235,236,237,238,239,240,241,242,243,244,245,246,247,248,249,250,251,252,253,254,255,256,257,258,259,260,261,262,263,264,265,266,267,268,269,270,271,272,273,274,275,276,277,278,279,280,281,282,283,284,285,286,287,288
days,nan,nan,nan,nan,nan,nan,nan,nan,nan,nan,nan,nan,nan,nan,nan,nan,nan,nan,nan,nan,nan,nan,nan,nan,nan,nan,nan,nan,nan,nan,nan,nan,nan,nan,nan,nan,nan,nan,nan,nan,nan,nan,nan,nan,nan,nan,nan,nan,nan,nan,nan,nan,nan,nan,nan,nan,nan,nan,nan,nan,nan,nan,nan,nan,nan,nan,nan,nan,nan,nan,nan,nan,nan,nan,nan,nan,nan,nan,nan,nan,nan,nan,nan,nan,nan,nan,nan,nan,nan,nan,nan,nan,nan,nan,nan,nan,nan,nan,nan,nan,nan,nan,nan,nan,nan,nan,nan,nan,nan,nan,nan,nan,nan,nan,nan,nan,nan,nan,nan,nan,nan,nan,nan,nan,nan,nan,nan,nan,nan,nan,nan,nan,nan,nan,nan,nan,nan,nan,nan,nan,nan,nan,nan,nan,nan,nan,nan,nan,nan,nan,nan,nan,nan,nan,nan,nan,nan,nan,nan,nan,nan,nan,nan,nan,nan,nan,nan,nan,nan,nan,nan,nan,nan,nan,nan,nan,nan,nan,nan,nan,nan,nan,nan,nan,nan,nan,nan,nan,nan,nan,nan,nan,nan,nan,nan,nan,nan,nan,nan,nan,nan,nan,nan,nan,nan,nan,nan,nan,nan,nan,nan,nan,nan,nan,nan,nan,nan,nan,nan,nan,nan,nan,nan,nan,nan,nan,nan,nan,nan,nan,nan,nan,nan,nan,nan,nan,nan,nan,nan,nan,nan,nan,nan,nan,nan,nan,nan,nan,nan,nan,nan,nan,nan,nan,nan,nan,nan,nan,nan,nan,nan,nan,nan,nan,nan
